locale,app name,short description,full description
en-US,FinAI: Expense Tracker,Scan receipts and invoices with AI. Track expenses and income in detail.,"FinAI turns photos and everyday phrases into organized financial records. Track expenses and income, scan receipts, invoices, and payslips, and check your balance in an app built to reduce repetitive entry while keeping every detail visible.

CAPTURE DOCUMENTS WITH AI
Take a photo or choose an image. FinAI can extract the merchant or issuer, date, invoice number, total, subtotal, tax IDs, taxes, and product lines. It also recognizes income documents such as payslips and sales invoices.

Every reading is checked before it affects your finances. Coherent records are saved automatically. If information is missing or the amounts do not add up, the photo stays pending so you can retry without adding uncertain figures to your balance.

AVOID REPEATED RECORDS
FinAI checks document identity before saving. When it detects an invoice or payslip that may already be registered, it warns you and lets you open the existing record.

KEEP THE FULL TAX BREAKDOWN
One invoice can contain several tax rates, exempt amounts, zero-rated items, or withholdings. FinAI keeps the components printed on the document instead of reducing them to one percentage. You can review and edit each value whenever needed.

ADD RECORDS AND ASK NATURALLY
Type or dictate phrases such as “I spent $20 on transport” or “I received my salary.” You can also ask how much you spent, which income you received, or what your balance is. Calculations use your saved records and indicate when a currency conversion is unavailable.

YOUR FINANCIAL ACTIVITY IN ONE PLACE
• Monthly dashboard with expenses, income, balance, and recent activity.
• Custom categories and subcategories.
• Editable expense, income, and product records.
• Calendar and statistics by period and category.
• Support for multiple currencies and number formats.
• CSV and PDF exports.

GOOGLE DRIVE AND GOOGLE SHEETS
With Premium, sync from FinAI to one Google Sheets workbook: expenses, income, products, taxes and summary, with month and year filters and space for your own analysis. Personal sheets and columns are preserved. Automatically store expense and income photos in Drive. Encrypted automatic backups contain data and references; photos sync separately.

ENCRYPTED, RECOVERABLE BACKUPS
Export a password-protected .finai file. Choose a data-only backup or a complete copy with photos. Backups preserve records, products, history, tax settings, and the identifiers needed to retrieve linked images.

PRIVACY AND CONTROL
Your records and history are stored on your device. AI features send the text, document and context needed for your request to Gemini, using the API key you configure. Drive and Sheets are used only when you connect your Google account and authorize those features.

REQUIREMENTS
• Android 8.0 or later.
• Your own Gemini API key for chat, voice, and document reading.
• Internet for AI, exchange rates, and Google services.
• Some Drive, Sheets, and extended memory features require Premium.

FinAI helps you enter less by hand and keep expenses, income, and documents under control."
es-419,FinAI: Control de Gastos,Escanea recibos y facturas con IA. Registra gastos e ingresos con detalle.,"FinAI convierte fotos y frases en movimientos financieros organizados. Registra gastos e ingresos, escanea recibos, facturas y comprobantes de pago, y consulta tu balance desde una app diseñada para ahorrar pasos sin ocultarte los datos.

CAPTURA DOCUMENTOS CON IA
Toma una foto o elige una imagen. FinAI puede extraer comercio o emisor, fecha, número de factura, total, subtotal, identificación fiscal, impuestos y líneas de producto. También reconoce ingresos como comprobantes de sueldo y facturas de venta.

La lectura se valida antes de afectar tus cuentas. Si los datos son coherentes, el movimiento se guarda automáticamente. Si falta información o los importes no coinciden, la foto queda pendiente para reintentarla sin añadir cifras dudosas al balance.

EVITA REGISTROS REPETIDOS
FinAI comprueba la identidad del documento antes de guardar. Si detecta una factura o un comprobante ya registrado, te avisa y te permite abrir el movimiento existente.

CONSERVA EL DESGLOSE DE IMPUESTOS
Un documento puede incluir varios impuestos, importes exentos, tasas al 0 % o retenciones. FinAI conserva los componentes impresos en lugar de reducirlos a un único porcentaje. Puedes revisar y editar cada dato cuando lo necesites.

REGISTRA Y PREGUNTA DE FORMA NATURAL
Escribe o dicta frases como «gasté 200 pesos en transporte» o «recibí mi sueldo». También puedes preguntar cuánto gastaste, qué ingresos recibiste o cuál es tu balance. Los cálculos usan los movimientos guardados y muestran cuándo falta una conversión de moneda.

TODO TU CONTROL FINANCIERO EN UN SOLO LUGAR
• Panel mensual con gastos, ingresos, balance y actividad reciente.
• Categorías y subcategorías personalizables.
• Registros editables de gastos, ingresos y productos.
• Calendario y estadísticas por periodo y categoría.
• Compatibilidad con varias monedas y formatos numéricos.
• Exportación a CSV y PDF.

GOOGLE DRIVE Y GOOGLE SHEETS
Con Premium, sincroniza desde FinAI a un mismo libro de Google Sheets: gastos, ingresos, productos, impuestos y resumen, con filtros por mes y año y espacio para tu análisis. Las hojas y columnas personales se conservan. Guarda automáticamente en Drive las fotos de gastos e ingresos. Las copias cifradas automáticas guardan datos y referencias; las imágenes se sincronizan por separado.

BACKUP CIFRADO Y RECUPERABLE
Exporta una copia .finai protegida con tu contraseña. Elige solo datos o una copia completa con fotografías. Las copias conservan movimientos, productos, historial, ajustes fiscales e identificadores necesarios para recuperar las imágenes vinculadas.

PRIVACIDAD Y CONTROL
Los movimientos y el historial se guardan en el dispositivo. Las funciones de IA envían a Gemini el texto, documento y contexto necesario para tu solicitud, mediante la clave API que configuras. Drive y Sheets solo se usan cuando conectas tu cuenta de Google y autorizas esas funciones.

REQUISITOS
• Android 8.0 o posterior.
• Clave propia de la API de Gemini para chat, voz y lectura de documentos.
• Internet para IA, tipos de cambio y servicios de Google.
• Algunas funciones de Drive, Sheets y memoria ampliada requieren Premium.

FinAI te ayuda a registrar menos a mano y a mantener gastos, ingresos y documentos bajo control."
es-ES,FinAI: Control de Gastos,Escanea tickets y facturas con IA. Registra gastos e ingresos con detalle.,"FinAI convierte fotos y frases en movimientos financieros organizados. Registra gastos e ingresos, escanea tickets, facturas y nóminas, y consulta tu balance desde una app diseñada para ahorrar pasos sin ocultarte los datos.

CAPTURA DOCUMENTOS CON IA
Haz una foto o elige una imagen. FinAI puede extraer proveedor, fecha, número de factura, total, base imponible, identificadores fiscales, impuestos y líneas de producto. También reconoce ingresos como nóminas y facturas de venta.

La lectura se valida antes de afectar a tus cuentas. Si los datos son coherentes, el movimiento se guarda automáticamente. Si falta información o los importes no cuadran, la foto queda pendiente para reintentarla sin añadir cifras dudosas al balance.

EVITA REGISTROS REPETIDOS
FinAI comprueba la identidad del documento antes de guardar. Si detecta una factura o una nómina ya registrada, te avisa y te permite abrir el movimiento existente.

CONSERVA EL DESGLOSE FISCAL
Una factura puede incluir varios tipos de IVA, importes exentos, tipos al 0 % o retenciones. FinAI conserva los componentes que aparecen en el documento en lugar de reducirlos a un único porcentaje. Puedes revisar y editar cada dato cuando lo necesites.

REGISTRA Y PREGUNTA DE FORMA NATURAL
Escribe o dicta frases como «gasté 20 € en transporte» o «cobré mi nómina». También puedes preguntar cuánto has gastado, qué ingresos has recibido o cuál es tu balance. Los cálculos se realizan con los movimientos guardados y muestran cuándo falta una conversión de moneda.

TODO TU CONTROL FINANCIERO EN UN SOLO LUGAR
• Dashboard mensual con gastos, ingresos, balance y actividad reciente.
• Categorías y subcategorías personalizables.
• Fichas editables para gastos, ingresos y productos.
• Calendario y estadísticas por periodo y categoría.
• Compatibilidad con varias monedas y formatos numéricos.
• Exportación a CSV y PDF.

GOOGLE DRIVE Y GOOGLE SHEETS
Con Premium, sincroniza desde FinAI a un mismo libro de Google Sheets: gastos, ingresos, productos, impuestos y resumen, con filtros por mes y año y espacio para tu análisis. Las hojas y columnas personales se conservan. Guarda automáticamente en Drive las fotos de gastos e ingresos. Las copias cifradas automáticas guardan datos y referencias; las imágenes se sincronizan por separado.

BACKUP CIFRADO Y RECUPERABLE
Exporta una copia .finai protegida con tu contraseña. Elige solo datos o una copia completa con fotografías. Las copias conservan movimientos, productos, historial, ajustes fiscales e identificadores necesarios para recuperar las imágenes vinculadas.

PRIVACIDAD Y CONTROL
Los movimientos y el historial se guardan en el dispositivo. Las funciones de IA envían a Gemini el texto, documento y contexto necesario para tu solicitud, mediante la clave API que configuras. Drive y Sheets solo se usan cuando conectas tu cuenta de Google y autorizas esas funciones.

REQUISITOS
• Android 8.0 o posterior.
• Clave propia de la API de Gemini para chat, voz y lectura de documentos.
• Internet para IA, tipos de cambio y servicios de Google.
• Algunas funciones de Drive, Sheets y memoria ampliada requieren Premium.

FinAI te ayuda a registrar menos a mano y a mantener gastos, ingresos y documentos bajo control."
